topic,category,dork_used,title,source_domain,url,normalized_url,snippet,status,type,content_sha256,duplicate_of,extracted_text,is_google_drive,google_file_id,drive_resource_type,original_url,canonical_url,final_url,initial_http_status,final_http_status,drive_status,is_downloadable,download_url
soal tka matematika lanjut,all,"""soal tka matematika lanjut"" filetype:pdf (""2026"" OR ""2025"") -site:scribd.com -site:studocu.com -site:slideshare.net -site:pinterest.*",1 PREDIKSI SOAL & PEMBAHASAN matematika tingkat lanjut 1 TKA & US 2025 PAKET 2,penerbitcmedia.com,https://penerbitcmedia.com/download1/Ebook-Mega-Bank-Soal-TKA-US-2025-2026/01_Matematika_tingkat_lanjut.pdf,https://penerbitcmedia.com/download1/Ebook-Mega-Bank-Soal-TKA-US-2025-2026/01_Matematika_tingkat_lanjut.pdf,PREDIKSI SOAL & PEMBAHASAN · matematika · tingkat lanjut · 1 · TKA & US · 2025 · PAKET 2 · 2 · PREDIKSI SOAL · MATEMATIKA · TINGKAT LANJUT · PAKET · 2 · 1. Nilai dari ( ) ( ) ( ) ( ) 3 · 2 · 2 · 3 · 5 · 1 · 6 · 2 · 4 · 27 · .... 64 · 36 ·,blocked_by_robots,unknown,,,,False,,,https://penerbitcmedia.com/download1/Ebook-Mega-Bank-Soal-TKA-US-2025-2026/01_Matematika_tingkat_lanjut.pdf,https://penerbitcmedia.com/download1/Ebook-Mega-Bank-Soal-TKA-US-2025-2026/01_Matematika_tingkat_lanjut.pdf,https://penerbitcmedia.com/download1/Ebook-Mega-Bank-Soal-TKA-US-2025-2026/01_Matematika_tingkat_lanjut.pdf,,,,True,
soal tka matematika lanjut,all,"""soal tka matematika lanjut"" filetype:pdf (""2026"" OR ""2025"") -site:scribd.com -site:studocu.com -site:slideshare.net -site:pinterest.*",Kisi-Kisi dan Contoh Soal TKA Matematika SMA 2026,www.zenius.net,https://www.zenius.net/blog/kisi-kisi-contoh-soal-tka-matematika/,https://www.zenius.net/blog/kisi-kisi-contoh-soal-tka-matematika/,"July 3, 2026 - Kita lanjut ke contoh soalnya, gass! Berikut beberapa contoh soal TKA Matematika SMA 2026 yang dibuat berdasarkan cakupan kisi-kisi.",blocked_by_robots,unknown,,,,False,,,https://www.zenius.net/blog/kisi-kisi-contoh-soal-tka-matematika/,https://www.zenius.net/blog/kisi-kisi-contoh-soal-tka-matematika/,https://www.zenius.net/blog/kisi-kisi-contoh-soal-tka-matematika/,,,,True,
soal tka matematika lanjut,all,"""soal tka matematika lanjut"" filetype:pdf (""2026"" OR ""2025"") -site:scribd.com -site:studocu.com -site:slideshare.net -site:pinterest.*",TKA - Pusat Assesment Pendidikan :: Kementerian Pendidikan Dasar dan Menengah,pusmendik.kemendikdasmen.go.id,https://pusmendik.kemendikdasmen.go.id/tka/tka/view/mata-pelajaran-wajib/sma/,https://pusmendik.kemendikdasmen.go.id/tka/tka/view/mata-pelajaran-wajib/sma/,"Pada tahun 2025, sebuah perusahaan keju memproduksi dua jenis keju kemasan berbentuk gabungan bangun ruang seperti pada gambar berikut. Karena permintaan pasar meningkat, manajer produksi mengusulkan aturan baru, yaitu: ""Mulai bulan Januari tahun depan, setiap kemasan akan diisi menjadi 75% volumenya tanpa mengubah ukuran kemasan"". Pada bulan Maret 2026, sebuah supermarket memesan 150 keju kemasan A dan 200 keju kemasan B.",error,unknown,,,"[Error: HTTPSConnectionPool(host='pusmendik.kemendikdasmen.go.id', port=443): Max retries exceeded with url: /tka/tka/view/mata-pelajaran-wajib/sma/ (Caused by SSLError(SSLCertVerificationError(1, '[SSL: CERTIFICATE_VERIFY_FAILED] certificate verify failed: unable to get local issuer certificate (_ssl.c:1081)')))]",False,,,https://pusmendik.kemendikdasmen.go.id/tka/tka/view/mata-pelajaran-wajib/sma/,https://pusmendik.kemendikdasmen.go.id/tka/tka/view/mata-pelajaran-wajib/sma/,https://pusmendik.kemendikdasmen.go.id/tka/tka/view/mata-pelajaran-wajib/sma/,,,,True,
soal tka matematika lanjut,all,"""soal tka matematika lanjut"" filetype:pdf (""2026"" OR ""2025"") -site:scribd.com -site:studocu.com -site:slideshare.net -site:pinterest.*",SOAL TES KEMAMPUAN AKADEMIK (TKA) BIDANG MATEMATIKA LANJUT SMA TAHUN 2025 - ruang para bintang : Berbagi informasi tentang PTN dan Pembahasan Soal-Soal,www.ruangparabintang.com,https://www.ruangparabintang.com/2026/08/soal-tes-kemampuan-akademik-tka-bidang_0211613812.html,https://www.ruangparabintang.com/2026/08/soal-tes-kemampuan-akademik-tka-bidang_0211613812.html,"Dalam artikel ini disajikan kumpulan soal TKA Matematika Lanjut SMA Tahun 2025 beserta pembahasan yang disusun secara sistematis, jelas, dan mudah dipahami.",success,html,8b294af54fc32632953b48a683ecec1292a946537f1fe77a550a462ded484cc8,,"SOAL TES KEMAMPUAN AKADEMIK (TKA)  BIDANG MATEMATIKA LANJUT SMA TAHUN 2025 - ruang para bintang : Berbagi informasi tentang PTN dan Pembahasan Soal-Soal Orang hebat tidak dibentuk dari kenyamanan, kesenangan, dan kemudahan. Melainkan dibentuk melalui air mata dan tantangan BLOG INI BERISI TENTANG PENDIDIKAN KHUSUS UNTUK SISWA/I DAN ORANG YANG INGIN MENJADI SUKSES DARI JALUR AKADEMIK YAITU KULIAH DI PERGURUAN TINGGI NEGERI.
SALAM PARA BINTANG Home / olimpiade / Soal TKA / SOAL TES KEMAMPUAN AKADEMIK (TKA)  BIDANG MATEMATIKA LANJUT SMA TAHUN 2025 SOAL TES KEMAMPUAN AKADEMIK (TKA)  BIDANG MATEMATIKA LANJUT SMA TAHUN 2025 Jibang P.Hutagaol,M.Pd August 21, 2026 Baca Juga: Bimbingan Belajar Spesialis Persiapan Lulus Ujian SMA UNGGULAN BERASRAMA Tahun 2027 by Ruang Para Bintang Tes Kemampuan Akademik (TKA) merupakan salah satu bentuk evaluasi yang mengukur penguasaan konsep, kemampuan berpikir kritis, penalaran ilmiah, serta keterampilan menyelesaikan permasalahan di bidang Kimia. Oleh karena",False,,,https://www.ruangparabintang.com/2026/08/soal-tes-kemampuan-akademik-tka-bidang_0211613812.html,https://www.ruangparabintang.com/2026/08/soal-tes-kemampuan-akademik-tka-bidang_0211613812.html,https://www.ruangparabintang.com/2026/08/soal-tes-kemampuan-akademik-tka-bidang_0211613812.html,,,,True,
soal tka matematika lanjut,all,"""soal tka matematika lanjut"" filetype:pdf (""2026"" OR ""2025"") -site:scribd.com -site:studocu.com -site:slideshare.net -site:pinterest.*",Soal Latihan TKA Matematika Tingkat SMA Tahun 2026 (Paket 1) — Mathcyber1997,mathcyber1997.com,https://mathcyber1997.com/tka-mtk-sma-2026-p1/,https://mathcyber1997.com/tka-mtk-sma-2026-p1/,"July 26, 2026 - Lebih jauh, TKA dirancang untuk mengukur kompetensi mendasar yang mencakup pengetahuan dan keterampilan akademik inti, seperti literasi membaca, literasi matematika (numerasi), serta kemampuan berpikir kritis dan pemecahan masalah yang berkaitan dengan berbagai mata pelajaran. Melalui soal-soal yang disusun secara sistematis dan terstandar, asesmen ini tidak hanya menilai kemampuan menghafal, tetapi juga menekankan pada keterampilan berpikir tingkat tinggi (higher order thinking skills).",success,html,8543cf3715debc1f8a5b4ce98d7f937cfa9aebd177f93cffdd414e328e7ea32a,,"Soal Latihan TKA Matematika Tingkat SMA Tahun 2026 (Paket 1) — Mathcyber1997 Lompat ke konten Tes Kemampuan Akademik (TKA), atau academic ability test adalah salah satu bentuk asesmen yang dikembangkan oleh Pusat Asesmen dan Pembelajaran (Pusmendik), Kementerian Pendidikan Dasar dan Menengah, untuk memotret capaian akademik siswa secara objektif, terukur, dan adil. TKA pertama kali mulai diselenggarakan pada tahun 2025. TKA diselenggarakan sebagai asesmen sukarela yang dapat diikuti oleh siswa dari berbagai jenjang pendidikan. Kehadiran TKA didasarkan pada kebutuhan akan instrumen evaluasi yang terstandar secara nasional sehingga hasilnya tidak hanya menjadi gambaran pencapaian individu, tetapi juga dapat dipakai sebagai tolok ukur dalam mengidentifikasi posisi capaian belajar siswa dibandingkan dengan standar kompetensi yang berlaku. Dengan demikian, TKA tidak dimaksudkan sebagai ujian yang menimbulkan beban, melainkan sebagai sarana diagnosis akademik yang bermanfaat bagi siswa, guru",False,,,https://mathcyber1997.com/tka-mtk-sma-2026-p1/,https://mathcyber1997.com/tka-mtk-sma-2026-p1/,https://mathcyber1997.com/tka-mtk-sma-2026-p1/,,,,True,
soal tka matematika lanjut,all,"""soal tka matematika lanjut"" filetype:pdf (""2026"" OR ""2025"") -site:scribd.com -site:studocu.com -site:slideshare.net -site:pinterest.*",25+ Latihan Soal Interaktif Matematika TKA SD 2026 Lengkap Kunci Jawabannya,www.detik.com,https://www.detik.com/sulsel/berita/d-8445756/25-latihan-soal-interaktif-matematika-tka-sd-2026-lengkap-kunci-jawabannya,https://www.detik.com/sulsel/berita/d-8445756/25-latihan-soal-interaktif-matematika-tka-sd-2026-lengkap-kunci-jawabannya,"April 15, 2026 - Melansir laman resmi Balai Besar Penjaminan Mutu Pendidikan Jawa Timur Kemendikdasmen, pelaksanaan TKA jenjang sekolah dasar dijadwalkan berlangsung pada 20 hingga 30 April 2026. Sebelum menghadapi ujian, sebaiknya siswa membiasakan diri menghadapi soal Matematika sebagai bentuk persiapan. Di bawah ini detikSulsel menyajikan puluhan soal latihan untuk interaktif Matematika TKA SD 2026 lengkap dengan kunci jawabannya.",success,html,58cf4567a077cc5aa9a12d0d0fea900b36afb80504bd58bc8c5fc3564bfb5366,,25+ Latihan Soal Interaktif Matematika TKA SD 2026 Lengkap Kunci Jawabannya 25+ Latihan Soal Interaktif Matematika TKA SD 2026 Lengkap Kunci Jawabannya ... Tautan telah disalin MENU detikcom Terpopuler Live TV Kirim Tulisan Kategori Berita detikNews detikFinance detikInet detikHot detikSport Sepakbola detikOto detikTravel detikFood detikHealth Wolipop DetikX 20Detik detikFoto detikEdu detikHikmah detikProperti detikPop Daerah detikJateng detikJatim detikJabar detikSulsel detikSumut detikBali detikSumbagsel detikJogja detikKalimantan Layanan For Your Business Pasang Mata adsmart detikEvent Trans Snow World Trans Studio Flying Over Indonesia berbuatbaik.id ziswafctarsa.id Signature Awards Bingkai.id Trans Hotel Group Community Connect NEW Rekomendit NEW Top Up & Tagihan Game Paket Data Pulsa Prabayar Token PLN E-wallet BPJS Kesehatan PLN Pascabayar PDAM TV & Internet Streaming Detik Network Hai Bunda CNN Indonesia CNBC Indonesia Beautynesia Female Daily CXO Media Cancel Yang sedang ramai,False,,,https://www.detik.com/sulsel/berita/d-8445756/25-latihan-soal-interaktif-matematika-tka-sd-2026-lengkap-kunci-jawabannya,https://www.detik.com/sulsel/berita/d-8445756/25-latihan-soal-interaktif-matematika-tka-sd-2026-lengkap-kunci-jawabannya,https://www.detik.com/sulsel/berita/d-8445756/25-latihan-soal-interaktif-matematika-tka-sd-2026-lengkap-kunci-jawabannya,,,,True,
soal tka matematika lanjut,all,"""soal tka matematika lanjut"" (site:edu OR site:ac.id OR site:go.id OR site:kemdikbud.go.id) filetype:pdf (""2026"" OR ""2025"")",Kisi-Kisi TKA SMA 2026 Lengkap: Materi Semua Mapel Wajib & Pilihan,www.itera.ac.id,https://www.itera.ac.id/blog/kisi-kisi-tka-sma-2026-lengkap-materi-semua-mapel-wajib-pilihan/,https://www.itera.ac.id/blog/kisi-kisi-tka-sma-2026-lengkap-materi-semua-mapel-wajib-pilihan/,"July 21, 2026 - Trigonometri: perbandingan trigonometri, identitas dasar, dan penerapannya pada soal kontekstual. Data dan peluang: statistika deskriptif, penyajian data dalam tabel dan grafik, serta konsep peluang kejadian. Bagi siswa yang mengambil peminatan tertentu, ada pula Matematika Tingkat Lanjut yang materinya lebih dalam, mencakup limit, turunan, dan konsep-konsep pra-kalkulus lain yang relevan dengan rencana studi ke bidang eksakta. Fokus utama Bahasa Indonesia pada TKA adalah kemampuan literasi membaca dan bernalar dengan teks, bukan hafalan kaidah kebahasaan semata.",blocked_by_robots,unknown,,,,False,,,https://www.itera.ac.id/blog/kisi-kisi-tka-sma-2026-lengkap-materi-semua-mapel-wajib-pilihan/,https://www.itera.ac.id/blog/kisi-kisi-tka-sma-2026-lengkap-materi-semua-mapel-wajib-pilihan/,https://www.itera.ac.id/blog/kisi-kisi-tka-sma-2026-lengkap-materi-semua-mapel-wajib-pilihan/,,,,True,
soal tka matematika lanjut,all,"""soal tka matematika lanjut"" (site:edu OR site:ac.id OR site:go.id OR site:kemdikbud.go.id) filetype:pdf (""2026"" OR ""2025"")",TKA - Pusat Assesment Pendidikan :: Kementerian Pendidikan Dasar dan Menengah,pusmendik.kemdikbud.go.id,https://pusmendik.kemdikbud.go.id/tka/tka/view/mata-pelajaran-wajib/sma,https://pusmendik.kemdikbud.go.id/tka/tka/view/mata-pelajaran-wajib/sma,Muatan TKA Matematika merujuk pada elemen kurikulum atau materi matematika yang dipelajari murid yang ada pada Kurikulum 2013 dan Kurikulum Merdeka. Elemen ini meliputi: · Penggunaan logika matematika diintegrasikan langsung dengan elemen matematika yang tertera dalam kurikulum.,error,unknown,,,"[Error: HTTPSConnectionPool(host='pusmendik.kemdikbud.go.id', port=443): Max retries exceeded with url: /tka/tka/view/mata-pelajaran-wajib/sma (Caused by NameResolutionError(""HTTPSConnection(host='pusmendik.kemdikbud.go.id', port=443): Failed to resolve 'pusmendik.kemdikbud.go.id' ([Errno 11001] getaddrinfo failed)""))]",False,,,https://pusmendik.kemdikbud.go.id/tka/tka/view/mata-pelajaran-wajib/sma,https://pusmendik.kemdikbud.go.id/tka/tka/view/mata-pelajaran-wajib/sma,https://pusmendik.kemdikbud.go.id/tka/tka/view/mata-pelajaran-wajib/sma,,,,True,
soal tka matematika lanjut,all,"""soal tka matematika lanjut"" (site:edu OR site:ac.id OR site:go.id OR site:kemdikbud.go.id) filetype:pdf (""2026"" OR ""2025"")",Ayo Coba TKA | Pilih Mata Pelajaran,pusmendik.kemendikdasmen.go.id,https://pusmendik.kemendikdasmen.go.id/tka/simulasi_tka,https://pusmendik.kemendikdasmen.go.id/tka/simulasi_tka,APLIKASI ANBK - Simulasi TKA · Pilih jenjang dan mata pelajaran untuk memulai simulasi,error,unknown,,,"[Error: HTTPSConnectionPool(host='pusmendik.kemendikdasmen.go.id', port=443): Max retries exceeded with url: /tka/simulasi_tka (Caused by SSLError(SSLCertVerificationError(1, '[SSL: CERTIFICATE_VERIFY_FAILED] certificate verify failed: unable to get local issuer certificate (_ssl.c:1081)')))]",False,,,https://pusmendik.kemendikdasmen.go.id/tka/simulasi_tka,https://pusmendik.kemendikdasmen.go.id/tka/simulasi_tka,https://pusmendik.kemendikdasmen.go.id/tka/simulasi_tka,,,,True,
soal tka matematika lanjut,all,"""soal tka matematika lanjut"" (site:edu OR site:ac.id OR site:go.id OR site:kemdikbud.go.id) filetype:pdf (""2026"" OR ""2025"")","Kisi-Kisi, Materi & 20 Soal TKA Matematika SMA 2025 - Gen Amikom",blog.amikom.ac.id,https://blog.amikom.ac.id/kisi-kisi-materi-20-soal-tka-matematika-sma-2025/,https://blog.amikom.ac.id/kisi-kisi-materi-20-soal-tka-matematika-sma-2025/,"October 6, 2025 - Materi matematika di TKA SMA 2025 mencakup: Bilangan, Aljabar, Geometri & Pengukuran, Data & Peluang, Trigonometri sebagai mata pelajaran wajib. Untuk jurusan yang memilih “Matematika Tingkat Lanjut” sebagai mata pilihan, ada tambahan topik seperti kalkulus (limit, turunan, integral) dan ...",success,html,5e1d24153662325014179f85f136082b955337635414584cb298c066796f5e8a,,"Kisi-Kisi, Materi & 20 Soal TKA Matematika SMA 2025 - Gen Amikom Skip to content Posted in Feature Posted by By Rahma Indrawati October 6, 2025 Bayangkan kamu membuka undangan ke pesta, tapi ejeknya bukan ada musik atau makan malam—melainkan ratusan soal matematika siap menantang otakmu. Mendekati TKA, rasanya memang seperti “pesta ujian.” Tapi jangan khawatir: kita bisa “dress up” dengan persiapan matang supaya gak kaget. Di artikel ini, aku akan ngumumin “dress code” alias kisi-kisinya, tunjukin materi yang kudu kamu kuasai, dan kasih 20 contoh soal + jawaban yang relevan untuk TKA Matematika SMA tahun 2025. Jadi, siap berpesta dengan angka dan logika? Yuk, gas! Table of Contents Toggle Kisi-Kisi TKA Matematika SMA Apa itu kisi-kisi? Kisi-kisi adalah semacam peta atau panduan tentang materi, submateri, bentuk soal, dan batasan kompetensi yang akan diujikan. Dengan punya kisi-kisi, belajar jadi lebih fokus: kamu tahu mana yang wajib banget kamu kuasai dan mana yang bisa jadi bonus. Ki",False,,,https://blog.amikom.ac.id/kisi-kisi-materi-20-soal-tka-matematika-sma-2025/,https://blog.amikom.ac.id/kisi-kisi-materi-20-soal-tka-matematika-sma-2025/,https://blog.amikom.ac.id/kisi-kisi-materi-20-soal-tka-matematika-sma-2025/,,,,True,
soal tka matematika lanjut,all,"""soal tka matematika lanjut"" (site:edu OR site:ac.id OR site:go.id OR site:kemdikbud.go.id) filetype:pdf (""2026"" OR ""2025"")",Contoh Soal TKA SMP Matematika Lengkap dengan Jawaban,blog.itera.ac.id,https://blog.itera.ac.id/contoh-soal-tka-smp-matematika/,https://blog.itera.ac.id/contoh-soal-tka-smp-matematika/,"July 17, 2026 - Kumpulan contoh soal TKA SMP Matematika terbaru 2026 lengkap dengan jawaban dan pembahasan untuk latihan siswa.",success,html,42f9df0b55772301bc6e99ac261a6d8c7c72a9f10674f882b04c9067fa488a13,,"Contoh Soal TKA SMP Matematika Lengkap dengan Jawaban Skip to content Contoh Soal TKA SMP Matematika Lengkap dengan Jawaban 🕒 17 July 2026 16.38 Rizky Pratama Author Tes Kemampuan Akademik (TKA) SMP merupakan salah satu bentuk evaluasi yang bertujuan untuk mengukur kemampuan siswa dalam memahami konsep dan menerapkan pengetahuan yang telah dipelajari selama jenjang sekolah menengah pertama. Salah satu mata pelajaran yang diujikan adalah matematika, yang menguji kemampuan berpikir logis, analitis, dan kemampuan menyelesaikan berbagai permasalahan. Materi TKA SMP Matematika mencakup berbagai topik penting seperti bilangan, aljabar, geometri, statistika, peluang, hingga perbandingan. Untuk memperoleh hasil yang baik, siswa perlu memahami konsep dasar sekaligus terbiasa mengerjakan berbagai variasi soal. Artikel ini menyediakan contoh soal TKA SMP Matematika dan jawaban terbaru 2026 yang dapat digunakan sebagai bahan latihan. Soal disusun dengan tingkat kesulitan yang bervariasi dan dileng",False,,,https://blog.itera.ac.id/contoh-soal-tka-smp-matematika/,https://blog.itera.ac.id/contoh-soal-tka-smp-matematika/,https://blog.itera.ac.id/contoh-soal-tka-smp-matematika/,,,,True,
